canonical_id,name,entity_type,unique_connections,total_relationships,degree,connected_people,connected_phones,connected_vehicles,connected_locations,connected_accounts,connected_cases,court_cases,evidence_count,fir_evidence_count,cdr_evidence_count,cctv_evidence_count,vehicle_evidence_count,court_evidence_count,financial_evidence_count,location_evidence_count,source_layer_count,relationship_type_count
person:ajay,Ajay,PERSON,34,59,59,5,1,3,3,1,6,3,18,3,3,3,3,3,3,3,7,13
person:akash,Akash,PERSON,0,0,0,0,0,0,0,0,0,0,0,0,0,0,0,0,0,0,0,0
person:aravind,Aravind,PERSON,0,0,0,0,0,0,0,0,0,0,0,0,0,0,0,0,0,0,0,0
person:arun,Arun,PERSON,0,0,0,0,0,0,0,0,0,0,0,0,0,0,0,0,0,0,0,0
person:deepak,Deepak,PERSON,21,32,32,3,1,2,2,1,4,2,10,2,2,1,2,2,1,2,7,12
person:dinesh,Dinesh,PERSON,0,0,0,0,0,0,0,0,0,0,0,0,0,0,0,0,0,0,0,0
person:faizal,Faizal,PERSON,0,0,0,0,0,0,0,0,0,0,0,0,0,0,0,0,0,0,0,0
person:ganesh,Ganesh,PERSON,0,0,0,0,0,0,0,0,0,0,0,0,0,0,0,0,0,0,0,0
person:hari,Hari,PERSON,0,0,0,0,0,0,0,0,0,0,0,0,0,0,0,0,0,0,0,0
person:imran,Imran,PERSON,0,0,0,0,0,0,0,0,0,0,0,0,0,0,0,0,0,0,0,0
person:joseph,Joseph,PERSON,28,50,50,3,1,1,3,1,6,3,16,3,3,2,3,3,2,3,7,12
person:karthik,Karthik,PERSON,13,16,16,2,1,0,2,0,4,2,6,2,2,0,0,2,0,2,4,5
person:kumar,Kumar,PERSON,32,58,58,4,1,2,3,1,6,3,18,3,3,3,3,3,3,3,7,13
person:lokesh,Lokesh,PERSON,0,0,0,0,0,0,0,0,0,0,0,0,0,0,0,0,0,0,0,0
person:mahesh,Mahesh,PERSON,0,0,0,0,0,0,0,0,0,0,0,0,0,0,0,0,0,0,0,0
person:manoj,Manoj,PERSON,21,32,32,3,1,2,2,1,4,2,10,2,2,1,2,2,1,2,7,12
person:manu,Manu,PERSON,0,0,0,0,0,0,0,0,0,0,0,0,0,0,0,0,0,0,0,0
person:mohit,Mohit,PERSON,0,0,0,0,0,0,0,0,0,0,0,0,0,0,0,0,0,0,0,0
person:naveen,Naveen,PERSON,0,0,0,0,0,0,0,0,0,0,0,0,0,0,0,0,0,0,0,0
person:prakash,Prakash,PERSON,21,32,32,3,1,2,2,1,4,2,10,2,2,1,2,2,1,2,7,12
person:rahul,Rahul,PERSON,34,59,59,5,1,3,3,1,6,3,18,3,3,3,3,3,3,3,7,13
person:ramesh,Ramesh,PERSON,0,0,0,0,0,0,0,0,0,0,0,0,0,0,0,0,0,0,0,0
person:ravi,Ravi,PERSON,39,76,76,4,1,1,4,1,8,4,24,4,4,4,4,4,4,4,7,12
person:sameer,Sameer,PERSON,0,0,0,0,0,0,0,0,0,0,0,0,0,0,0,0,0,0,0,0
person:santhosh,Santhosh,PERSON,13,16,16,2,1,0,2,0,4,2,6,2,2,0,0,2,0,2,4,5
person:suresh,Suresh,PERSON,21,32,32,3,1,2,2,1,4,2,10,2,2,1,2,2,1,2,7,12
person:surya,Surya,PERSON,0,0,0,0,0,0,0,0,0,0,0,0,0,0,0,0,0,0,0,0
person:varun,Varun,PERSON,0,0,0,0,0,0,0,0,0,0,0,0,0,0,0,0,0,0,0,0
person:vijay,Vijay,PERSON,0,0,0,0,0,0,0,0,0,0,0,0,0,0,0,0,0,0,0,0
person:vikram,Vikram,PERSON,21,32,32,3,1,2,2,1,4,2,10,2,2,1,2,2,1,2,7,12
