case_id,fir_number,person_id,person_name,case_participant,unique_connections,total_relationships,degree,connected_people,connected_phones,connected_vehicles,connected_locations,connected_accounts,connected_cases,court_cases,evidence_count,fir_evidence_count,cdr_evidence_count,cctv_evidence_count,vehicle_evidence_count,court_evidence_count,financial_evidence_count,location_evidence_count,source_layer_count,relationship_type_count,case_relationship_count,cross_case_connections,cdr_call_count,cdr_unique_contacts,cdr_total_duration,cctv_observation_count,cctv_unique_locations,cctv_vehicle_links,vehicle_links,unique_vehicles,location_links,unique_locations,financial_transaction_count,financial_total_amount,temporal_span_days
case:FIR-101-2025,101/2025,person:ajay,Ajay,0,0,0,0,0,0,0,0,0,6,0,0,0,0,0,0,0,0,0,0,0,0,16,0,0,0,0,0,0,0,0,0,0,0,0.0,0.0
case:FIR-101-2025,101/2025,person:deepak,Deepak,0,0,0,0,0,0,0,0,0,4,0,0,0,0,0,0,0,0,0,0,0,0,11,0,0,0,0,0,0,0,0,0,0,0,0.0,0.0
case:FIR-101-2025,101/2025,person:joseph,Joseph,1,5,7,7,1,1,1,1,1,6,0,4,1,0,0,1,1,0,1,4,5,7,10,3,1,630,0,0,0,2,1,2,1,0,0.0,0.0
case:FIR-101-2025,101/2025,person:kumar,Kumar,1,7,12,12,2,1,2,1,1,6,0,6,1,0,1,1,1,1,1,6,9,12,10,6,2,990,1,1,1,3,2,3,1,1,5000.0,0.0
case:FIR-101-2025,101/2025,person:rahul,Rahul,0,0,0,0,0,0,0,0,0,6,0,0,0,0,0,0,0,0,0,0,0,0,16,0,0,0,0,0,0,0,0,0,0,0,0.0,0.0
case:FIR-101-2025,101/2025,person:ravi,Ravi,1,5,11,11,1,1,1,1,1,8,0,6,1,0,1,1,1,1,1,6,9,11,13,4,1,480,1,1,1,3,1,3,1,1,5000.0,0.0
case:FIR-101-2025,101/2025,person:suresh,Suresh,0,0,0,0,0,0,0,0,0,4,0,0,0,0,0,0,0,0,0,0,0,0,11,0,0,0,0,0,0,0,0,0,0,0,0.0,0.0
case:FIR-101-2025,101/2025,person:vikram,Vikram,0,0,0,0,0,0,0,0,0,4,0,0,0,0,0,0,0,0,0,0,0,0,11,0,0,0,0,0,0,0,0,0,0,0,0.0,0.0
case:FIR-102-2025,102/2025,person:ajay,Ajay,0,0,0,0,0,0,0,0,0,6,0,0,0,0,0,0,0,0,0,0,0,0,16,0,0,0,0,0,0,0,0,0,0,0,0.0,0.0
case:FIR-102-2025,102/2025,person:deepak,Deepak,0,0,0,0,0,0,0,0,0,4,0,0,0,0,0,0,0,0,0,0,0,0,11,0,0,0,0,0,0,0,0,0,0,0,0.0,0.0
case:FIR-102-2025,102/2025,person:joseph,Joseph,0,0,0,0,0,0,0,0,0,6,0,0,0,0,0,0,0,0,0,0,0,0,12,0,0,0,0,0,0,0,0,0,0,0,0.0,0.0
case:FIR-102-2025,102/2025,person:kumar,Kumar,0,0,0,0,0,0,0,0,0,6,0,0,0,0,0,0,0,0,0,0,0,0,14,0,0,0,0,0,0,0,0,0,0,0,0.0,0.0
case:FIR-102-2025,102/2025,person:manoj,Manoj,0,0,0,0,0,0,0,0,0,4,0,0,0,0,0,0,0,0,0,0,0,0,11,0,0,0,0,0,0,0,0,0,0,0,0.0,0.0
case:FIR-102-2025,102/2025,person:prakash,Prakash,0,0,0,0,0,0,0,0,0,4,0,0,0,0,0,0,0,0,0,0,0,0,11,0,0,0,0,0,0,0,0,0,0,0,0.0,0.0
case:FIR-102-2025,102/2025,person:rahul,Rahul,1,7,12,12,2,1,2,1,1,6,0,6,1,0,1,1,1,1,1,6,9,12,12,6,2,990,1,1,1,3,2,3,1,1,6750.0,0.0
case:FIR-102-2025,102/2025,person:ravi,Ravi,1,5,11,11,1,1,1,1,1,8,0,6,1,0,1,1,1,1,1,6,9,11,13,4,1,480,1,1,1,3,1,3,1,1,6750.0,0.0
case:FIR-102-2025,102/2025,person:suresh,Suresh,1,5,7,7,1,1,1,1,1,4,0,4,1,0,0,1,1,0,1,4,5,7,9,2,1,420,0,0,0,2,1,2,1,0,0.0,0.0
case:FIR-103-2025,103/2025,person:ajay,Ajay,1,7,12,12,2,1,2,1,1,6,0,6,1,0,1,1,1,1,1,6,9,12,12,6,2,990,1,1,1,3,2,3,1,1,8500.0,0.0
case:FIR-103-2025,103/2025,person:joseph,Joseph,0,0,0,0,0,0,0,0,0,6,0,0,0,0,0,0,0,0,0,0,0,0,12,0,0,0,0,0,0,0,0,0,0,0,0.0,0.0
case:FIR-103-2025,103/2025,person:karthik,Karthik,0,0,0,0,0,0,0,0,0,4,0,0,0,0,0,0,0,0,0,0,0,0,7,0,0,0,0,0,0,0,0,0,0,0,0.0,0.0
case:FIR-103-2025,103/2025,person:kumar,Kumar,1,5,11,11,1,1,1,1,1,6,0,6,1,0,1,1,1,1,1,6,9,11,12,3,1,360,1,1,1,3,1,3,1,1,8500.0,0.0
case:FIR-103-2025,103/2025,person:manoj,Manoj,0,0,0,0,0,0,0,0,0,4,0,0,0,0,0,0,0,0,0,0,0,0,11,0,0,0,0,0,0,0,0,0,0,0,0.0,0.0
case:FIR-103-2025,103/2025,person:prakash,Prakash,0,0,0,0,0,0,0,0,0,4,0,0,0,0,0,0,0,0,0,0,0,0,11,0,0,0,0,0,0,0,0,0,0,0,0.0,0.0
case:FIR-103-2025,103/2025,person:ravi,Ravi,0,0,0,0,0,0,0,0,0,8,0,0,0,0,0,0,0,0,0,0,0,0,15,0,0,0,0,0,0,0,0,0,0,0,0.0,0.0
case:FIR-103-2025,103/2025,person:suresh,Suresh,0,0,0,0,0,0,0,0,0,4,0,0,0,0,0,0,0,0,0,0,0,0,11,0,0,0,0,0,0,0,0,0,0,0,0.0,0.0
case:FIR-103-2025,103/2025,person:vikram,Vikram,1,5,7,7,1,1,1,1,1,4,0,4,1,0,0,1,1,0,1,4,5,7,9,2,1,420,0,0,0,2,1,2,1,0,0.0,0.0
case:FIR-104-2025,104/2025,person:deepak,Deepak,1,5,7,7,1,1,1,1,1,4,0,4,1,0,0,1,1,0,1,4,5,7,9,2,1,420,0,0,0,2,1,2,1,0,0.0,0.0
case:FIR-104-2025,104/2025,person:joseph,Joseph,1,5,11,11,1,1,1,1,1,6,0,6,1,0,1,1,1,1,1,6,9,11,10,3,1,360,1,1,1,3,1,3,1,1,10250.0,0.0
case:FIR-104-2025,104/2025,person:kumar,Kumar,0,0,0,0,0,0,0,0,0,6,0,0,0,0,0,0,0,0,0,0,0,0,14,0,0,0,0,0,0,0,0,0,0,0,0.0,0.0
case:FIR-104-2025,104/2025,person:manoj,Manoj,0,0,0,0,0,0,0,0,0,4,0,0,0,0,0,0,0,0,0,0,0,0,11,0,0,0,0,0,0,0,0,0,0,0,0.0,0.0
case:FIR-104-2025,104/2025,person:rahul,Rahul,1,7,12,12,2,1,2,1,1,6,0,6,1,0,1,1,1,1,1,6,9,12,12,6,2,990,1,1,1,3,2,3,1,1,10250.0,0.0
case:FIR-104-2025,104/2025,person:ravi,Ravi,0,0,0,0,0,0,0,0,0,8,0,0,0,0,0,0,0,0,0,0,0,0,15,0,0,0,0,0,0,0,0,0,0,0,0.0,0.0
case:FIR-104-2025,104/2025,person:santhosh,Santhosh,0,0,0,0,0,0,0,0,0,4,0,0,0,0,0,0,0,0,0,0,0,0,7,0,0,0,0,0,0,0,0,0,0,0,0.0,0.0
case:FIR-104-2025,104/2025,person:suresh,Suresh,0,0,0,0,0,0,0,0,0,4,0,0,0,0,0,0,0,0,0,0,0,0,11,0,0,0,0,0,0,0,0,0,0,0,0.0,0.0
case:FIR-104-2025,104/2025,person:vikram,Vikram,0,0,0,0,0,0,0,0,0,4,0,0,0,0,0,0,0,0,0,0,0,0,11,0,0,0,0,0,0,0,0,0,0,0,0.0,0.0
case:FIR-105-2025,105/2025,person:ajay,Ajay,1,7,12,12,2,1,2,1,1,6,0,6,1,0,1,1,1,1,1,6,9,12,12,6,2,990,1,1,1,3,2,3,1,1,12000.0,0.0
case:FIR-105-2025,105/2025,person:deepak,Deepak,0,0,0,0,0,0,0,0,0,4,0,0,0,0,0,0,0,0,0,0,0,0,11,0,0,0,0,0,0,0,0,0,0,0,0.0,0.0
case:FIR-105-2025,105/2025,person:karthik,Karthik,0,0,0,0,0,0,0,0,0,4,0,0,0,0,0,0,0,0,0,0,0,0,7,0,0,0,0,0,0,0,0,0,0,0,0.0,0.0
case:FIR-105-2025,105/2025,person:kumar,Kumar,0,0,0,0,0,0,0,0,0,6,0,0,0,0,0,0,0,0,0,0,0,0,14,0,0,0,0,0,0,0,0,0,0,0,0.0,0.0
case:FIR-105-2025,105/2025,person:manoj,Manoj,1,5,7,7,1,1,1,1,1,4,0,4,1,0,0,1,1,0,1,4,5,7,9,2,1,420,0,0,0,2,1,2,1,0,0.0,0.0
case:FIR-105-2025,105/2025,person:prakash,Prakash,0,0,0,0,0,0,0,0,0,4,0,0,0,0,0,0,0,0,0,0,0,0,11,0,0,0,0,0,0,0,0,0,0,0,0.0,0.0
case:FIR-105-2025,105/2025,person:rahul,Rahul,0,0,0,0,0,0,0,0,0,6,0,0,0,0,0,0,0,0,0,0,0,0,16,0,0,0,0,0,0,0,0,0,0,0,0.0,0.0
case:FIR-105-2025,105/2025,person:ravi,Ravi,1,5,11,11,1,1,1,1,1,8,0,6,1,0,1,1,1,1,1,6,9,11,13,4,1,480,1,1,1,3,1,3,1,1,12000.0,0.0
case:FIR-105-2025,105/2025,person:vikram,Vikram,0,0,0,0,0,0,0,0,0,4,0,0,0,0,0,0,0,0,0,0,0,0,11,0,0,0,0,0,0,0,0,0,0,0,0.0,0.0
case:FIR-106-2025,106/2025,person:ajay,Ajay,0,0,0,0,0,0,0,0,0,6,0,0,0,0,0,0,0,0,0,0,0,0,16,0,0,0,0,0,0,0,0,0,0,0,0.0,0.0
case:FIR-106-2025,106/2025,person:joseph,Joseph,0,0,0,0,0,0,0,0,0,6,0,0,0,0,0,0,0,0,0,0,0,0,12,0,0,0,0,0,0,0,0,0,0,0,0.0,0.0
case:FIR-106-2025,106/2025,person:kumar,Kumar,1,5,11,11,1,1,1,1,1,6,0,6,1,0,1,1,1,1,1,6,9,11,12,3,1,360,1,1,1,3,1,3,1,1,13750.0,0.0
case:FIR-106-2025,106/2025,person:prakash,Prakash,1,5,7,7,1,1,1,1,1,4,0,4,1,0,0,1,1,0,1,4,5,7,9,2,1,420,0,0,0,2,1,2,1,0,0.0,0.0
case:FIR-106-2025,106/2025,person:rahul,Rahul,0,0,0,0,0,0,0,0,0,6,0,0,0,0,0,0,0,0,0,0,0,0,16,0,0,0,0,0,0,0,0,0,0,0,0.0,0.0
case:FIR-106-2025,106/2025,person:ravi,Ravi,0,0,0,0,0,0,0,0,0,8,0,0,0,0,0,0,0,0,0,0,0,0,15,0,0,0,0,0,0,0,0,0,0,0,0.0,0.0
case:FIR-106-2025,106/2025,person:santhosh,Santhosh,0,0,0,0,0,0,0,0,0,4,0,0,0,0,0,0,0,0,0,0,0,0,7,0,0,0,0,0,0,0,0,0,0,0,0.0,0.0
case:FIR-106-2025,106/2025,person:suresh,Suresh,1,7,12,12,2,1,2,1,1,4,0,6,1,0,1,1,1,1,1,6,9,12,7,4,2,660,1,1,1,3,2,3,1,1,13750.0,0.0
case:FIR-107-2025,107/2025,person:ajay,Ajay,0,0,0,0,0,0,0,0,0,6,0,0,0,0,0,0,0,0,0,0,0,0,16,0,0,0,0,0,0,0,0,0,0,0,0.0,0.0
case:FIR-107-2025,107/2025,person:joseph,Joseph,1,5,11,11,1,1,1,1,1,6,0,6,1,0,1,1,1,1,1,6,9,11,10,3,1,360,1,1,1,3,1,3,1,1,15500.0,0.0
case:FIR-107-2025,107/2025,person:karthik,Karthik,1,3,4,4,1,1,0,1,0,4,0,3,1,0,0,0,1,0,1,3,3,4,5,2,1,420,0,0,0,0,0,2,1,0,0.0,0.0
case:FIR-107-2025,107/2025,person:kumar,Kumar,0,0,0,0,0,0,0,0,0,6,0,0,0,0,0,0,0,0,0,0,0,0,14,0,0,0,0,0,0,0,0,0,0,0,0.0,0.0
case:FIR-107-2025,107/2025,person:manoj,Manoj,0,0,0,0,0,0,0,0,0,4,0,0,0,0,0,0,0,0,0,0,0,0,11,0,0,0,0,0,0,0,0,0,0,0,0.0,0.0
case:FIR-107-2025,107/2025,person:rahul,Rahul,0,0,0,0,0,0,0,0,0,6,0,0,0,0,0,0,0,0,0,0,0,0,16,0,0,0,0,0,0,0,0,0,0,0,0.0,0.0
case:FIR-107-2025,107/2025,person:vikram,Vikram,1,7,12,12,2,1,2,1,1,4,0,6,1,0,1,1,1,1,1,6,9,12,7,4,2,660,1,1,1,3,2,3,1,1,15500.0,0.0
case:FIR-108-2025,108/2025,person:ajay,Ajay,0,0,0,0,0,0,0,0,0,6,0,0,0,0,0,0,0,0,0,0,0,0,16,0,0,0,0,0,0,0,0,0,0,0,0.0,0.0
case:FIR-108-2025,108/2025,person:deepak,Deepak,1,7,12,12,2,1,2,1,1,4,0,6,1,0,1,1,1,1,1,6,9,12,7,4,2,660,1,1,1,3,2,3,1,1,17250.0,0.0
case:FIR-108-2025,108/2025,person:kumar,Kumar,0,0,0,0,0,0,0,0,0,6,0,0,0,0,0,0,0,0,0,0,0,0,14,0,0,0,0,0,0,0,0,0,0,0,0.0,0.0
case:FIR-108-2025,108/2025,person:prakash,Prakash,0,0,0,0,0,0,0,0,0,4,0,0,0,0,0,0,0,0,0,0,0,0,11,0,0,0,0,0,0,0,0,0,0,0,0.0,0.0
case:FIR-108-2025,108/2025,person:rahul,Rahul,0,0,0,0,0,0,0,0,0,6,0,0,0,0,0,0,0,0,0,0,0,0,16,0,0,0,0,0,0,0,0,0,0,0,0.0,0.0
case:FIR-108-2025,108/2025,person:ravi,Ravi,1,5,11,11,1,1,1,1,1,8,0,6,1,0,1,1,1,1,1,6,9,11,13,4,1,480,1,1,1,3,1,3,1,1,17250.0,0.0
case:FIR-108-2025,108/2025,person:santhosh,Santhosh,1,3,4,4,1,1,0,1,0,4,0,3,1,0,0,0,1,0,1,3,3,4,5,2,1,420,0,0,0,0,0,2,1,0,0.0,0.0
case:FIR-109-2025,109/2025,person:ajay,Ajay,0,0,0,0,0,0,0,0,0,6,0,0,0,0,0,0,0,0,0,0,0,0,16,0,0,0,0,0,0,0,0,0,0,0,0.0,0.0
case:FIR-109-2025,109/2025,person:deepak,Deepak,0,0,0,0,0,0,0,0,0,4,0,0,0,0,0,0,0,0,0,0,0,0,11,0,0,0,0,0,0,0,0,0,0,0,0.0,0.0
case:FIR-109-2025,109/2025,person:joseph,Joseph,0,0,0,0,0,0,0,0,0,6,0,0,0,0,0,0,0,0,0,0,0,0,12,0,0,0,0,0,0,0,0,0,0,0,0.0,0.0
case:FIR-109-2025,109/2025,person:karthik,Karthik,1,3,4,4,1,1,0,1,0,4,0,3,1,0,0,0,1,0,1,3,3,4,5,2,1,420,0,0,0,0,0,2,1,0,0.0,0.0
case:FIR-109-2025,109/2025,person:manoj,Manoj,1,7,12,12,2,1,2,1,1,4,0,6,1,0,1,1,1,1,1,6,9,12,7,4,2,660,1,1,1,3,2,3,1,1,19000.0,0.0
case:FIR-109-2025,109/2025,person:rahul,Rahul,1,5,11,11,1,1,1,1,1,6,0,6,1,0,1,1,1,1,1,6,9,11,14,3,1,360,1,1,1,3,1,3,1,1,19000.0,0.0
case:FIR-109-2025,109/2025,person:ravi,Ravi,0,0,0,0,0,0,0,0,0,8,0,0,0,0,0,0,0,0,0,0,0,0,15,0,0,0,0,0,0,0,0,0,0,0,0.0,0.0
case:FIR-109-2025,109/2025,person:suresh,Suresh,0,0,0,0,0,0,0,0,0,4,0,0,0,0,0,0,0,0,0,0,0,0,11,0,0,0,0,0,0,0,0,0,0,0,0.0,0.0
case:FIR-109-2025,109/2025,person:vikram,Vikram,0,0,0,0,0,0,0,0,0,4,0,0,0,0,0,0,0,0,0,0,0,0,11,0,0,0,0,0,0,0,0,0,0,0,0.0,0.0
case:FIR-110-2025,110/2025,person:ajay,Ajay,1,5,11,11,1,1,1,1,1,6,0,6,1,0,1,1,1,1,1,6,9,11,14,3,1,360,1,1,1,3,1,3,1,1,20750.0,0.0
case:FIR-110-2025,110/2025,person:deepak,Deepak,0,0,0,0,0,0,0,0,0,4,0,0,0,0,0,0,0,0,0,0,0,0,11,0,0,0,0,0,0,0,0,0,0,0,0.0,0.0
case:FIR-110-2025,110/2025,person:kumar,Kumar,0,0,0,0,0,0,0,0,0,6,0,0,0,0,0,0,0,0,0,0,0,0,14,0,0,0,0,0,0,0,0,0,0,0,0.0,0.0
case:FIR-110-2025,110/2025,person:manoj,Manoj,0,0,0,0,0,0,0,0,0,4,0,0,0,0,0,0,0,0,0,0,0,0,11,0,0,0,0,0,0,0,0,0,0,0,0.0,0.0
case:FIR-110-2025,110/2025,person:prakash,Prakash,1,7,12,12,2,1,2,1,1,4,0,6,1,0,1,1,1,1,1,6,9,12,7,4,2,660,1,1,1,3,2,3,1,1,20750.0,0.0
case:FIR-110-2025,110/2025,person:ravi,Ravi,0,0,0,0,0,0,0,0,0,8,0,0,0,0,0,0,0,0,0,0,0,0,15,0,0,0,0,0,0,0,0,0,0,0,0.0,0.0
case:FIR-110-2025,110/2025,person:santhosh,Santhosh,1,3,4,4,1,1,0,1,0,4,0,3,1,0,0,0,1,0,1,3,3,4,5,2,1,420,0,0,0,0,0,2,1,0,0.0,0.0
case:FIR-110-2025,110/2025,person:suresh,Suresh,0,0,0,0,0,0,0,0,0,4,0,0,0,0,0,0,0,0,0,0,0,0,11,0,0,0,0,0,0,0,0,0,0,0,0.0,0.0
case:FIR-110-2025,110/2025,person:vikram,Vikram,0,0,0,0,0,0,0,0,0,4,0,0,0,0,0,0,0,0,0,0,0,0,11,0,0,0,0,0,0,0,0,0,0,0,0.0,0.0
