case_id,fir_number,person_id,person_name,relevance_label,unique_connections,total_relationships,degree,connected_people,connected_phones,connected_vehicles,connected_locations,connected_accounts,connected_cases,court_cases,evidence_count,fir_evidence_count,cdr_evidence_count,cctv_evidence_count,vehicle_evidence_count,court_evidence_count,financial_evidence_count,location_evidence_count,source_layer_count,relationship_type_count,case_relationship_count,cross_case_connections,cdr_call_count,cdr_unique_contacts,cdr_total_duration,cctv_observation_count,cctv_unique_locations,cctv_vehicle_links,vehicle_links,unique_vehicles,location_links,unique_locations,financial_transaction_count,financial_total_amount,temporal_span_days
case:FIR-101-2025,101/2025,person:ravi,Ravi,1,,,,,,,,,,,,,,,,,,,,,,,,,,,,,,,,,,,
case:FIR-101-2025,101/2025,person:kumar,Kumar,1,,,,,,,,,,,,,,,,,,,,,,,,,,,,,,,,,,,
case:FIR-101-2025,101/2025,person:joseph,Joseph,1,,,,,,,,,,,,,,,,,,,,,,,,,,,,,,,,,,,
case:FIR-101-2025,101/2025,person:ajay,Ajay,0,,,,,,,,,,,,,,,,,,,,,,,,,,,,,,,,,,,
case:FIR-101-2025,101/2025,person:deepak,Deepak,0,,,,,,,,,,,,,,,,,,,,,,,,,,,,,,,,,,,
case:FIR-101-2025,101/2025,person:rahul,Rahul,0,,,,,,,,,,,,,,,,,,,,,,,,,,,,,,,,,,,
case:FIR-102-2025,102/2025,person:ravi,Ravi,1,,,,,,,,,,,,,,,,,,,,,,,,,,,,,,,,,,,
case:FIR-102-2025,102/2025,person:rahul,Rahul,1,,,,,,,,,,,,,,,,,,,,,,,,,,,,,,,,,,,
case:FIR-102-2025,102/2025,person:suresh,Suresh,1,,,,,,,,,,,,,,,,,,,,,,,,,,,,,,,,,,,
case:FIR-102-2025,102/2025,person:ajay,Ajay,0,,,,,,,,,,,,,,,,,,,,,,,,,,,,,,,,,,,
case:FIR-102-2025,102/2025,person:deepak,Deepak,0,,,,,,,,,,,,,,,,,,,,,,,,,,,,,,,,,,,
case:FIR-102-2025,102/2025,person:kumar,Kumar,0,,,,,,,,,,,,,,,,,,,,,,,,,,,,,,,,,,,
case:FIR-103-2025,103/2025,person:kumar,Kumar,1,,,,,,,,,,,,,,,,,,,,,,,,,,,,,,,,,,,
case:FIR-103-2025,103/2025,person:ajay,Ajay,1,,,,,,,,,,,,,,,,,,,,,,,,,,,,,,,,,,,
case:FIR-103-2025,103/2025,person:vikram,Vikram,1,,,,,,,,,,,,,,,,,,,,,,,,,,,,,,,,,,,
case:FIR-103-2025,103/2025,person:ravi,Ravi,0,,,,,,,,,,,,,,,,,,,,,,,,,,,,,,,,,,,
case:FIR-103-2025,103/2025,person:joseph,Joseph,0,,,,,,,,,,,,,,,,,,,,,,,,,,,,,,,,,,,
case:FIR-103-2025,103/2025,person:rahul,Rahul,0,,,,,,,,,,,,,,,,,,,,,,,,,,,,,,,,,,,
case:FIR-104-2025,104/2025,person:joseph,Joseph,1,,,,,,,,,,,,,,,,,,,,,,,,,,,,,,,,,,,
case:FIR-104-2025,104/2025,person:rahul,Rahul,1,,,,,,,,,,,,,,,,,,,,,,,,,,,,,,,,,,,
case:FIR-104-2025,104/2025,person:deepak,Deepak,1,,,,,,,,,,,,,,,,,,,,,,,,,,,,,,,,,,,
case:FIR-104-2025,104/2025,person:ravi,Ravi,0,,,,,,,,,,,,,,,,,,,,,,,,,,,,,,,,,,,
case:FIR-104-2025,104/2025,person:kumar,Kumar,0,,,,,,,,,,,,,,,,,,,,,,,,,,,,,,,,,,,
case:FIR-104-2025,104/2025,person:suresh,Suresh,0,,,,,,,,,,,,,,,,,,,,,,,,,,,,,,,,,,,
case:FIR-105-2025,105/2025,person:ravi,Ravi,1,,,,,,,,,,,,,,,,,,,,,,,,,,,,,,,,,,,
case:FIR-105-2025,105/2025,person:ajay,Ajay,1,,,,,,,,,,,,,,,,,,,,,,,,,,,,,,,,,,,
case:FIR-105-2025,105/2025,person:manoj,Manoj,1,,,,,,,,,,,,,,,,,,,,,,,,,,,,,,,,,,,
case:FIR-105-2025,105/2025,person:kumar,Kumar,0,,,,,,,,,,,,,,,,,,,,,,,,,,,,,,,,,,,
case:FIR-105-2025,105/2025,person:rahul,Rahul,0,,,,,,,,,,,,,,,,,,,,,,,,,,,,,,,,,,,
case:FIR-105-2025,105/2025,person:vikram,Vikram,0,,,,,,,,,,,,,,,,,,,,,,,,,,,,,,,,,,,
